text,label
Bitcoin Investors Are Plotting a Major Coup,REAL
"OnePlus Pad Android Tablet: Details, Specs, Release Date",REAL
Bitcoin Miners Are Playing a High-Stakes Game of Chicken,REAL
El Salvador Is Planning a 'Bitcoin Embassy' in Texas After Losing Tens of Millions on Crypto,REAL
Bitcoin steadies near lows hit after fall of Silvergate - Reuters.com,REAL
Cryptoverse: Bitcoin moves towards Satoshi's payment dream - Reuters,REAL
"Cryptoverse: Hooked on growth, bitcoin investors turn to smart tokens - Reuters",REAL
Warren Buffett's business partner rips into 'cryptocrappo' - and says he's ashamed of America for embracing bitcoin and its kin,REAL
El Salvador is opening a 'bitcoin embassy' in Texas in a bid to promote more acceptance of crypto,REAL
Bitcoin edges higher after dismal February for risk assets as investors assess rate outlook and new China data,REAL
"Investor sentiment has become 'extremely greedy' and that makes the market fragile, says Fairlead's Katie Stockton",REAL
Kraken will stop offering crypto 'staking' and pay a $30 million penalty after settling with the SEC,REAL
"FTX has a massive $9.5 billion shortfall in top crypto and cash needed to repay customers, the bankrupt exchange's new bosses say",REAL
Qué es Ordinals y cómo ha llevado la fiebre por los NFT a Bitcoin,REAL
"Drake scooped up a $512,000 profit in bitcoin after betting on the Kansas City Chiefs to win the Super Bowl",REAL
Bitcoin hits a 6-month high as the total crypto market regains $85 billion in value,REAL
"Crypto lost the battle to be an alternative to fiat money after FTX collapse, top economist says",REAL
"FTX's collapse wiped out $200 billion in the total value of the cryptocurrency market, and it hit retail investors in emerging economies the hardest",REAL
Crypto-mining scheme run from US school crawl space,REAL
"PayPal Halts Plans for Stablecoin, Report Says - CNET",REAL
How scammers are using AI voice cloning to trick victims into sending money,REAL
2 former Barclays bankers just netted a 700% profit selling Bored Ape NFTs,REAL
Crypto bank Silvergate announces liquidation amid sector turmoil,REAL
Man has two more chances before $232M in Bitcoin is lost forever,REAL
US stocks trade higher a day ahead of a key inflation reading,REAL
US stocks end mixed after volatile session as indexes notch weekly losses,REAL
US stocks finish higher after volatile session as S&P 500 breaks out of slump,REAL
US stocks rise as investors await Fed minutes to gauge interest rate trajectory,REAL
US stocks rise as investors assess softer employment data and brace for key jobs report,REAL
City regulator joins Met in raids on suspected crypto ATM operations,REAL
The stock market has been flipped upside down,REAL
US stocks trade mixed as Fed minutes show central bank willing to push on with rate hikes to fight inflation,REAL
US stocks rise as the S&P 500 looks to snap a 4-day losing streak,REAL
Fake ChatGPT tokens are flooding the market as crypto scammers take advantage of the AI craze,REAL
US stocks sink further with S&P 500 on course for worst week since December,REAL
US stocks fall after hot retail sales report suggests higher interest rates for longer,REAL
US stocks close lower to wrap up losing week as hot inflation data jolts markets,REAL
US stocks dip to start the month as investors grapple with fears of interest rates higher for longer,REAL
US stocks rally as traders digest comments from Fed officials on coming rate hikes,REAL
"Charlie Munger torched crypto and touted BYD over Tesla. Cathie Wood, Robert Kiyosaki, and Patrick Byrne just called him out.",REAL
A top exec at the world's largest crypto exchange breaks down the single-biggest risk for the market in 2023,REAL
Was hindert Bitcoin am Proof-of-Stake? Bei Ethereum klappt's doch,REAL
NFTアート「TwelveFold」のオークションに22億円分のビットコインが集まる、落札前に入札額を振り込ませる手法に批判も,REAL
heise+ | Lightning-Netzwerke: Wie der Bitcoin doch noch Zahlungsmittel werden soll,REAL
Stromverbrauch bei Bitcoin: Warum Forderungen nach Proof-of-Stake laut werden,REAL
"Binance secretly moved $400 million from its US partner to a trading firm managed by the crypto giant's boss CZ, report says",REAL
Elon Musk jokes at the Super Bowl that he's talking to Rupert Murdoch about Dogecoin - and the meme coin immediately jumps 5%,REAL
US stocks trade mixed as inflation concerns keep traders on edge over higher rates,REAL
"Reddit cofounder Alexis Ohanian paid only $15,000 for ether worth $80 million today - and has made $50 million on the crypto and Coinbase stock",REAL
Binance boss CZ distances his exchange from the dollar-pegged token under fire from the SEC: 'That's not something we created',REAL
Using the blockchain to prevent data breaches,REAL
heise+ | Node-RED: Daten über Netzwerkprotokolle abrufen,REAL
Kryptowährungen: Bitcoin auf höchstem Stand seit sechs Monaten,REAL
"Crypto is intended to be hard to regulate, but at least the Treasury wants to have a go | John Naughton",REAL
Bundesfinanzhof: Gewinne aus Kryptowährungen sind steuerpflichtig,REAL
Man arrested after hiding cryptocurrency miner in school crawl space,REAL
"Inside the self-proclaimed first generative AI conference, executives explain why the hot new technology behind ChatGPT is 'not just hype, but something real'",REAL
The chief executive of an AI-driven markets analytics company breaks down how to invest in the craze sparked by ChatGPT,REAL
Zombie Newspaper Sites Rise from the Grave,REAL
US stocks fall after new inflation data boosts outlook the Fed will stay aggressive,REAL
"Crypto giant Tether faked key documents to set up bank accounts – and terrorists then used one of them to launder money, report says",REAL
Craig Wright's crypto wallet claim against Bitcoin SV devs back before judges,REAL
Lolli Users Can Now Earn Bitcoin Rewards At Every Burger King In America,REAL
"Twitter founder Jack Dorsey mocked new owner Elon Musk's company over a major outage, saying it used to be where people talked 'when anything went down'",REAL
Can You Write Off Crypto Losses on Your Taxes? - CNET,REAL
Gerichtsurteil: Gewinne aus Bitcoin-Verkäufen sind steuerpflichtig,REAL
Near 50% fall in Silvergate’s shares over FTX exposure prompts survival doubts,REAL
"A couple in Canada were reportedly scammed out of $21,000 after getting a call from an AI-generated voice pretending to be their son",REAL
We messed up. An apology from Ramit,REAL
Industrial Designer Offers to Sell Concept for Bitcoin,REAL
"US regulators say crypto is risky but not banned—behind the scenes, though, it's a different story",REAL
Billionaire investor Ray Dalio says portfolios are like casinos - and crypto hype is overblown. Here are his 7 best quotes from a new interview.,REAL
What Are Crypto ETNs and How Do They Work?,REAL
Silvergate cierra: adiós al prestamista que se reconvirtió en uno de los mayores criptobancos del mundo,REAL
"Montag: NATO-Websites von Cyberattacken gestört, Blockchain-Änderungen gefordert",REAL
Nostr: Eine Alternative zu Twitter – und Mastodon,REAL
Crypto mixer Sinbad looks uncannily like a remix of North Korea's notorious Blender,REAL
Ethereum moved to proof of stake. Why can’t Bitcoin?,REAL
Cathie Wood Thinks Bitcoin Is Going to $1.48 Million. Is She Right?,REAL
FTX might not have been the only crypto exchange using customer money for other things,REAL
Reddit-loving retail investors are making their chaotic presence felt again - and their risky behavior is fueling a stock rally that doesn't look sustainable,REAL
The good news is markets look resilient — but the bad news is just about everything else,REAL
Europe’s now dealing with an oversupply of natural gas after hoarding it for months before winter,REAL
"The Download: making Bitcoin greener, and Elon Musk’s chatbot plans",REAL
"Tesla, Markets, Bitcoin, and Deere (Podcast)",REAL
Robinhood bringt Krypto-Wallet fürs Web3,REAL
生き残りをかけたビットコイン採掘者が直面、“危険なチキンレース”の中身,REAL
Do This Before Bitcoin Skyrockets,REAL
The 6 Best Monero (XMR) Wallets,REAL
A Closer Look at the Winklevoss Twins and Gemini (Podcast),REAL
A Look Behind The Celsius Curtain (Podcast),REAL
"The Latest on Bitcoin, FTX and Coinbase (Podcast)",REAL
"Crypto Billionaires Reconcile, 'Britcoin' In Works (Podcast)",REAL
2022 Was a Good Year for Crypto Hackers (Podcast),REAL
Some Wall Street Firms Are Looking Bullish on Crypto (Podcast),REAL
High Risk vs. Low Risk Investing (The Reality),REAL
Hacienda tiene claro cómo debe perseguir el fraude en 2023: siguiendo el rastro de las criptomonedas,REAL
The 12 Main Pros and Cons of Crypto Explained,REAL
"Should You Buy Bitcoin While It's Still Below $25,000?",REAL
Bitcoin Works Better As Money Than For NFTs,REAL
A group of activist shareholders at the world's largest bitcoin investment trust claim they lost billions as the market tanked. Now they want to take control.,REAL
"Plus: Netflix expands its efforts to end password sharing, Apple’s “buy now, pay later” entry creeps closer, and we scrutinize your Bitcoin spending.",REAL
"In the bitter crypto winter, companies are making deep cuts to survive a new challenge.",REAL
"El Salvador, which has already lost tens of millions of taxpayer dollars on its authoritarian millennial president’s beleaguered effort to embrace cryptocurrencies, now says it plans to open a “bitcoin embassy” in Texas. The Central American country’s continu…",REAL
Bitcoin steadies near lows hit after fall of Silvergate  Reuters.com,REAL
Cryptoverse: Bitcoin moves towards Satoshi's payment dream  Reuters,REAL
"Cryptoverse: Hooked on growth, bitcoin investors turn to smart tokens  Reuters",REAL
"Charlie Munger eviscerated the likes of bitcoin and dogecoin, dismissing them as stupid, worthless, and dangerous.",REAL
"El Salvador is reaching again beyond its borders to broaden its bitcoin strategy, following a partnership it struck with Switzerland last year.",REAL
Bitcoin has surged by more than 40% so far in 2023 and started off March on stronger footing.,REAL
"""Sentiment has now gotten what we call sort of extremely greedy. You can see it maybe yesterday in bitcoin,"" according to Farilead's Katie Stockton.",REAL
"Cryptos stumbled, with bitcoin and ethereum both falling as concerns built about a crackdown on income-generating technique ""staking"" by the regulator.",REAL
"In a presentation, lawyers for the bankrupt FTX identified billions of dollars in shortfalls across bitcoin, ethereum and other liquid assets.",REAL
"Hablar de NFTs almacenados en la blockchain de Bitcoin es algo que, hasta hace poco, parecía imposible. Para los bitcoiners más conservadores era (es) una blasfemia, lisa y llanamente. Sin embargo, un nuevo protocolo llamado Ordinals llegó para cambiar la his…",REAL
"The ""God's Plan"" singer placed seven bets worth a total of $965,000, but was only successful with his $700,000 punt on the Chiefs to beat the Eagles.",REAL
"Crypto investors aren't in the clear yet, as macro conditions remain uncertain and risk appetite hinges on the Fed's next move.",REAL
"""Only the legal, historical infrastructure behind central banks can give great credibility [to money],"" a top economist said.",REAL
"Larger crypto investors ""tended to sell their coins right before steep price declines, while smaller investors were still buying,"" a new study found.",REAL
"Police were called after a janitor noticed electrical wires, ductwork and computers that looked amiss.",REAL
"The payments company says if it moves forward with a coin, it'll work closely with regulators.",REAL
"The Washington Post reports that scammers are using high-quality AI-generated voice technology to impersonate loved ones and persuade victims that they are in distress and need money urgently.



One example in the article is about the parents of a man named …",REAL
"Mike Anderson and Ovie Faruq offloaded their collection of 72 NFTs for $9.25 million this week, according to OpenSea data.",REAL
Wind-down and liquidation plan follows mass withdrawal of deposits after collapse of FTX exchange The cryptocurrency-focused US lender Silvergate is to wind down its operations after it was hit by customer withdrawals following the collapse of crypto exchange…,REAL
"After misplacing his digital wallet password, this man has only two more attempts before his millions are lost forever.",REAL
"Traders will be watching for a slew of corporate earnings this week, and on Tuesday fresh consumer price index data comes out.",REAL
The S&P 500 suffered its first weekly loss in three weeks and notched its worst one-week decline since December.,REAL
"Trading was volatile as the major indexes swung between gains and losses intraday, following a big sell-off earlier in the week.",REAL
Fed presidents like James Bullard and Loretta Mester have recently advocated for a return to 50-basis-point rate hikes to combat inflation.,REAL
"Weekly jobless claims totaled 211,000, an increase of 21,000 from the previous week and ahead of estimates for 195,000.",REAL
"Joint investigation with police in London follows similar one in Leeds as part of wider crackdown on sectorThe City watchdog and local police have raided several sites in east London suspected of housing illegal ATMs distributing cryptocurrencies, as part of …",REAL
"JPMorgan says this risk-seeking behavior is practically taunting the Fed, which is still hiking interest rates to bring inflation down.",REAL
The Fed minutes showed that some central bankers were supportive of a 50 basis point interest rate hike at its February FOMC meeting.,REAL
"The S&P 500 has notched four straight losses, which is the longest losing streak for the benchmark so far in 2023.",REAL
"Blockchain security company PeckShield alerted crypto investors that at least one issuer has created ""dozens of tokens with a pump & dump scheme.""",REAL
US stocks opened lower again on Friday as firms reported disappointing quarterly earnings.,REAL
"January retail sales surged 3%, well above economist estimates of 1.8% and represented the biggest monthly gain for retail sales since March 2021.",REAL
The drop on Friday follows higher-than-expected core PCE data. The two-year Treasury yield neared its highest level since 2007.,REAL
"The Federal Reserve is expected to hike interest rates at least two more times to the 5% level, but further increases could be possible.",REAL
"The Dow popped more than 300 points, supported by Salesforce's gains. Meanwhile, the 2-year note yield reached levels not seen in over a decade.",REAL
"Warren Buffett's business partner and Berkshire Hathaway's 99-year-old vice-chairman fails to grasp the power of Tesla's innovation, Wood said.",REAL
Binance Chief Strategy Officer Patrick Hillmann explained how poor regulation will lead to increased crypto market volatility.,REAL
Ethereum ist auf ein deutlich umweltfreundlicheres Blockchain-Verfahren umgestiegen. Das zeigt: Es gibt auch für Bitcoin keine Hindernisse.,REAL
猿のアイコンのNFTアート「Bored Ape Yacht Club(BAYC)」などを手がけたことで知られているYuga Labsが、ビットコインのブロックチェーンを用いたジェネレーティブアート作品のコレクションである「TwelveFold」のオークションを実施しました。288点のNFTコレクションを扱った今回のオークションでは、わずか24時間で約735BTC(約22億4500万円)ものビットコインが集められました。続きを読む...,REAL
An sich ist der Bitcoin zu langsam und zu teuer für alltagstaugliches Bezahlen. Die Lightning-Netzwerke sollen da Abhilfe schaffen.,REAL
Ethereum ist auf ein deutlich umweltfreundlicheres Blockchain-Verfahren umgestiegen. Das zeigt: Es gibt auch für Bitcoin keine Hindernisse.,REAL
"The supposedly independent Binance.US secretly sent large sums of money to Changpeng Zhao's trading firm, according to Reuters.",REAL
"In a tweet that posted a picture of the pair seated next to each other, with a caption asking what they were discussing, Musk simply said: ""Dogecoin.""",REAL
The S&P 500 and the tech-heavy Nasdaq Composite were both on track for their second consecutive losing week.,REAL
"Ohanian bought 50,000 ether for about 30 cents a coin in 2014. The cryptocurrency has surged in price by about 5,600 times to $1,600 since then.",REAL
The SEC has ordered Paxos to stop minting a Binance-branded token pegged to $1 as part of its ongoing crypto crackdown.,REAL
"How blockchain works, and why it shows promise for preventing data breaches and greatly improving cybersecurity:",REAL
"Node-RED kann Daten aus verschiedenen Quellen beziehen. Wir zeigen, wie das geht und wie Sie sich etwa Luftqualität und Bitcoin-Kurse abrufen können.",REAL
"Der Bitcoin ist so viel wert wie seit Monaten nicht mehr. Grund könnten positive Inflationszahlen sein. (Bitcoin, Wirtschaft)",REAL
"The government’s consultation document on cryptocurrency highlights the challenges that must be faced in the regulatory processFor my sins, I have been reading Future financial services regulatory regime for cryptoassets, 82 pages of prime Whitehall verbiage …",REAL
Ein Kryptowährungsanleger wollte auf Millionengewinne keine Steuern zahlen und ist schließlich vorm Bundesfinanzhof damit gescheitert.,REAL
A small Massachusetts town enlisted the help of the Department of Homeland Security to track down the person who illegally installed a cryptocurrency mining operation.,REAL
"Move aside, crypto: a new conference in San Francisco put a spotlight on the tech industry's new love: generative AI.",REAL
"Insider's Phil Rosen sits down with Jan Szilagyi, the CEO of Toggle AI, to discuss how markets are handling the artificial intelligence boom.",REAL
"What happens when a newspaper dies? Apparently, in some cases, its digital ghost lives on in mysterious, unrecognizable forms. From a report: Minneapolis neighborhood newspaper the Southwest Journal shuttered at the end of 2020, but its web domain continues t…",REAL
"Stocks fell after hot PCE data. The two-year Treasury yield was nearing its highest level since 2007, ticking up to 4.8%.",REAL
Tether is a key player in crypto because it is the issuer of a dollar-pegged stablecoin with a $71 billion valuation.,REAL
"Another of the self-proclaimed BTC inventor's lawsuits rumbles onward
A company owned by the man who claims to have invented Bitcoin is suing the developers of a fork of Bitcoin. Although the case was dismissed once already, it is being reopened, and a UK cou…",REAL
"Using US mobile app rewards provider Lolli's new Card Boosts, customers may earn 5% in bitcoin rewards when dining at Burger King. Before going shopping, customers only need to activate a Burger King Card Boost and attach any debit or credit card to the Lolli…",REAL
"""When anything went down, people went to Twitter to talk about it. Now look,"" Dorsey said in a post on Nostr, a new platform he helped fund.",REAL
"Capital losses can help you lower your taxable income, but only under certain circumstances.",REAL
"Der Bundesfinanzhof hat ein Grundsatzurteil zur Besteuerung von Kryptowährungsgeschäften gefällt. (Kryptowährung, Wirtschaft)",REAL
Stock price of crypto-focused US bank plummeted in Thursday trading and it is assessing its ability to keep goingThe share price of cryptocurrency-focused US bank Silvergate plummeted by nearly 50% in early trading on Thursday after fresh revelations about th…,REAL
"The couple reportedly received a call from someone claiming to be a lawyer, saying their son was in jail for killing a diplomat in a car accident.",REAL
"I want to apologize for yesterday’s email. If you’re subscribed to I Will Teach You To Be Rich, you received this email yesterday. I see a lot of things wrong in that email. “Guaranteed to beat.” (no, nothing is guaranteed in investing) “People have always be…",REAL
"We've covered the work of Minsk-based industrial designer Andrey Avgust before. Notably, he did a comprehensive redesign of U.S. currency:See more here Another concept project he did was a redesign of Minsk's Nyamiga Station, including the subway cars:See mor…",REAL
US regulators are allegedly discouraging banks from working with crypto firms. That could leave them with no option but to fold.,REAL
"The Bridgewater Associates founder said investing is a zero-sum game like poker, and compared life to a video game and lessons to precious gems.",REAL
Should you invest with a crypto ETN?,REAL
"Llega el final para Silvergate. El criptobanco ha anunciado su cierre voluntario, tras no poder superar el impacto de la caída de FTX, con la que mantenía profundos lazos. Según deja claro la organización, el banco devolverá al completo todos los depósitos.
<…",REAL
NATO im Visier pro-russischer Hacker + Klage für Blockchain-Änderungen + Ortung bei 112-Notruf + Kommentar zu US-Kündigungen + VW-Betriebssystem 2.0 gesichtet,REAL
"Eine Nachricht verfassen, mit einem privaten Schlüssel signieren und zu mehreren Servern schicken: Nostr soll datenschutzfreundlich und zensurfrei sein.",REAL
"Lazarus Group’s favorite digi-dollar launderer may have risen again
Notorious cryptocurrency anonymization service Blender, which the US Department of the Treasury last year sanctioned for helping to launder hundreds of millions of dollars in digital assets s…",REAL
"Tech Review Explains: Let our writers untangle the complex, messy world of technology to help you understand what’s coming next. You can read more here. Last year, Ethereum went green. The second-most popular crypto platform transitioned to proof of stake, an…",REAL
Cathie Wood of Ark Invest has updated her Bitcoin price prediction. She now thinks Bitcoin is going to $1.5 million.,REAL
Insider's Phil Rosen explains how Binance is coming under scrutiny for its shuffling of customer funds in a way that's strikingly Sam Bankman-Fried's failed exchange.,REAL
Day traders are reviving the meme-stock playbook with big bets on speculative names.,REAL
Insider's Phil Rosen breaks down why bad economic news hasn't dragged markets lower — and the key trade keeping markets afloat.,REAL
Insider's Phil Rosen breaks down what's happening with natural gas and energy across Europe and Russia.,REAL
"This is today’s edition of The Download, our weekday newsletter that provides a daily dose of what’s going on in the world of technology. Ethereum moved to proof of stake. Why can’t Bitcoin?  Last year, Ethereum went green. The second-most popular crypto plat…",REAL
Understand every aspect of the global economy – and know how to make your next move.,REAL
"Ethereum, Polygon und über 50 weitere ERC20-Tokens können Nutzer in der iOS-App senden und empfangen. Die Wallet ist ""Non-Custodial"".",REAL
ビットコインの価格低迷に加え、エネルギーコストの高騰と採掘の難易度の上昇で暗号資産業界は大打撃を受けている。2024年4月には採掘で受け取れる報酬が減少する半減期も控えるなか、採掘者たちは生き残りをかけたチキンレースに挑んでいる。,REAL
Just because an asset is already pricey doesn't mean it can't make a multibagger move.,REAL
"Using Monero? These are the best Monero wallets to help you store, manage, and send your XMR.",REAL
"The twins adopted Bitcoin early on, launched the Gemini crypto exchange and also have a cover band.",REAL
"Each weekday, stacy-marie ishmael dives into everything from Bitcoin to Bored Apes, NFT’s to DeFi, Staking to Web3.",REAL
"Each weekday, stacy-marie ishmael dives into everything from Bitcoin to Bored Apes, NFT’s to DeFi, Staking to Web3.",REAL
"Each weekday, stacy-marie ishmael dives into everything from Bitcoin to Bored Apes, NFT’s to DeFi, Staking to Web3.",REAL
"Each weekday, stacy-marie ishmael dives into everything from Bitcoin to Bored Apes, NFT’s to DeFi, Staking to Web3.",REAL
"Each weekday, stacy-marie ishmael dives into everything from Bitcoin to Bored Apes, NFT’s to DeFi, Staking to Web3.",REAL
"Life isn’t just about target date funds and index funds. Lots of people understand that, logically, they should create a well-diversified portfolio of low-cost funds. But they also want to have fun investing. If you feel this way, sure, use a small part of yo…",REAL
"La Agencia Tributaria de España ha disparado contra las criptomonedas. A través del anuncio del nuevo Plan Anual de Control Tributario, Hacienda ha confirmado que una de las novedades que pretende reforzar en 2023 es la persecución de las criptomonedas y mone…",REAL
"Getting into crypto isn't clear-cut, so we've summarized the reasons why you and why you shouldn't.",REAL
"For investors taking a long-term approach to the crypto market, Bitcoin's current price looks like an incredible bargain.",REAL
"Bitcoin NFTs provide a new use case for Bitcoin but will raise transaction fees on all bitcoin users in the long term. This may hinder Bitcoin adoption for its original intent, peer to peer financial payments.",REAL
"Like Valkyrie, Osprey has called on Grayscale to step down as sponsor and put itself forward as a replacement. In an open letter, Osprey CEO Greg King promised to cut the management fee by 75 percent… [+2998 chars]",REAL
"Theres no shortage of tablets in the world, from the ever-dominant iPad to an assortment of Android options and Fire tabs to the niche weirdos like the E-ink and stylus Kindle Scribe. Now, OnePlus, a… [+4068 chars]",REAL
"Its kind of a last-man-standing situation, says Fred Thiel, CEO of US-based Marathon Digital Holdings. His crypto-mining company, among the largest in the world, has found itselflike the rest of the … [+3142 chars]",REAL
"El Salvador, which has already lost tens of millions of taxpayer dollars on its authoritarian millennial presidents beleaguered effort to embrace cryptocurrencies, now says it plans to open a bitcoin… [+2879 chars]",REAL
"We use cookies and data to<ul><li>Deliver and maintain Google services</li><li>Track outages and protect against spam, fraud, and abuse</li><li>Measure audience engagement and site statistics to unde… [+1131 chars]",REAL
"We use cookies and data to<ul><li>Deliver and maintain Google services</li><li>Track outages and protect against spam, fraud, and abuse</li><li>Measure audience engagement and site statistics to unde… [+1131 chars]",REAL
"We use cookies and data to<ul><li>Deliver and maintain Google services</li><li>Track outages and protect against spam, fraud, and abuse</li><li>Measure audience engagement and site statistics to unde… [+1131 chars]",REAL
"It's fair to say that Charlie Munger isn't the biggest fan of cryptocurrencies.
""Sometimes I call it cryptocrappo and sometimes I call it, well, cryptoshit,"" the billionaire investor said during Dai… [+2118 chars]",REAL
"El Salvador is planning to open a ""Bitcoin Embassy"" in the US, continuing to push for wider adoption of the cryptocurrency even after losing millions of dollars on its high-profile bets on the token.… [+1572 chars]",REAL
"Bitcoin pushed higher Wednesday, sustaining its advance alongside other risk assets after the strongest official  manufacturing print in a decade out of China kickstarted trading in March. 
The worl… [+2631 chars]",REAL
"After strong start to the year, the stock market now looks vulnerable as investors appear to be overdoing it, according to Fairlead Strategies' Katie Stockton. 
January in particular saw some encour… [+1551 chars]",REAL
"Kraken has agreed to stop offering crypto ""staking"" services and pay $30 million as part of a settlement with US regulators over charges it failed to register the yield-bearing program.
That meant t… [+2519 chars]",REAL
"FTX has identified a $9.5 billion shortfall in top crypto and cash needed to repay customers, its new bosses have said, with just $694 million in currency that's easy to cash in.  
In a press releas… [+1756 chars]",REAL
"Hablar de NFTs almacenados en la blockchain de Bitcoin es algo que, hasta hace poco, parecía imposible. Para los bitcoiners más conservadores era (es) una blasfemia, lisa y llanamente. Sin embargo, u… [+5358 chars]",REAL
"Drake scooped up $512,000 in bitcoin winnings after placing several bets on Sunday's Super Bowl, but it took a lot more of the cryptocurrency than last year to take his positions.
According to a pos… [+1643 chars]",REAL
"Bitcoin's price hit a six-month high on Thursday as the cryptocurrency market's total value rose by nearly $85 billion to top $1.1 trillion.
The world's largest crypto is trading around $24,376, up … [+2677 chars]",REAL
"Fiat money has beaten out an often-cited use case for certain cryptos an alternative to traditional currencies, according to Agustin Carstens, the head of the Bank for International Settlements.
""I … [+1660 chars]",REAL
"Cryptocurrency markets lost $200 billion in value in the wake of FTX's downfall in November, a new report found, but losses weren't the same for investors across the board.
Retail investors in emerg… [+1881 chars]",REAL
"A town official was running an illegal cryptocurrency mining operation from a crawl space under a school in the US state of Massachusetts, police say.
Nadeam Nahas, 39, who was an assistant faciliti… [+1974 chars]",REAL
"PayPal has hit pause on efforts to develop its own stablecoin, according to a Bloomberg report Friday. 
The online payment provider reportedly halted its plans due to increased scrutiny of cryptocur… [+839 chars]",REAL
The Washington Post reports that scammers are using high-quality AI-generated voice technology to impersonate loved ones and persuade victims that they are in distress and need money urgently.One exa… [+1269 chars],REAL
"Two former Barclays junk bond traders reportedly netted a 700% profit when they offloaded their collection of Bored Ape Yacht Club NFTs earlier this week.
Mike Anderson and Ovie Faruq sold the 72 NF… [+1998 chars]",REAL
"The cryptocurrency-focused US lender Silvergate is to wind down its operations after it was hit by customer withdrawals following the collapse of crypto exchange FTX.
The California-based bank had w… [+3223 chars]",REAL
"The German-born man has used eight of his 10 attempts to access his Bitcoin. (Source: Getty)
Back when Bitcoin was worth only $5 a coin, Stefan Thomas was paid 7,002 of them for making a video expla… [+1554 chars]",REAL
"US stocks traded slightly higher Monday as traders look ahead to a key inflation reading coming on Tuesday that could sway the Federal Reserve's policy plans. 
Economists expect January's headline c… [+1164 chars]",REAL
"US stocks were mixed at the close on Friday after a volatile session that capped off a losing week for the major indexes. 
The S&amp;P 500 suffered its first weekly loss in three weeks and notched i… [+1173 chars]",REAL
"US stocks closed higher on Thursday, with the S&amp;P 500 breaking a streak of four consecutive losses. 
Markets swung between gains and losses, following a big sell-off earlier in the week. The rel… [+1160 chars]",REAL
"US stocks edged higher on Wednesday as investors await the release of minutes from the Federal Reserve's last FOMC meeting.
Investors will look for clues on the trajectory of future interest rate hi… [+1245 chars]",REAL
"US stocks rose Thursday following higher-than-expected jobless claims data and ahead of Friday's key nonfarm payrolls report. 
Initial filings for unemployment clocked in at 211,000 last week, up by… [+860 chars]",REAL
"The City watchdog and local police have raided several sites in east London suspected of housing illegal ATMs distributing cryptocurrencies, as part of a widening crackdown on the sector.
The joint … [+1974 chars]",REAL
"The stock market has been completely flipped upside down so far in 2023 as risky assets that struggled last year stage a big comeback, even in the face of continued rate hikes from the Federal Reserv… [+4365 chars]",REAL
US stocks ended mixed on Wednesday after minutes from the Federal Reserve's last meeting showed that inflation remains a top concern for the central bank as it remains well above its long-term target… [+1279 chars],REAL
"US stocks opened higher on Thursday, with major indexes set to mark a turnaround from a disappointing week. 
The S&amp;P 500 has notched four straight losses, which is the longest losing streak for … [+1131 chars]",REAL
"ChatGPT's popularity has inspired scammers to unleash a wave of unauthorized cryptocurrencies designed to appear as if they're affiliated with the chatbot that's sparked 2023's AI investing frenzy. … [+1335 chars]",REAL
"US stocks opened lower on Friday, with major indices set to cap off a volatile week with more losses. 
The S&amp;P 500 was on course for its worst week since December, and investors are seeking cove… [+1120 chars]",REAL
"US stocks dropped on Wednesday after a hotter-than-expected retail sales report suggested to investors that interest rates might stay higher for longer.
Retail sales in January surged 3%, which was … [+927 chars]",REAL
"US stocks fell on Friday to close out a losing week, with the S&amp;P 500 notching its worst weekly performance since mid-December.
The Nasdaq Composite and Dow Jones Industrial Average also ended l… [+913 chars]",REAL
"US stocks started the month of March in the red as investors continue to fear the prospect of higher for longer interest rates.
The inflation rate unexpectedly accelerated in Germany last month, and… [+901 chars]",REAL
"US stocks rallied Thursday as a Federal Reserve official's comments on coming interest rates hikes cheered investors.
After opening in mixed territory, the major indexes closed in the green, even as… [+1204 chars]",REAL
"Charlie Munger panned bitcoin and other cryptocurrencies as stupid, worthless, and dangerous during Daily Journal's recent annual meeting.
The 99-year-old billionaire and vice-chairman of Warren Buf… [+3458 chars]",REAL
"Cryptocurrency markets have made significant strides to recover from 2022' crises, with bitcoin soaring about 50% since the start of the year and the total crypto market value edging back above $1 tr… [+3595 chars]",REAL
"Inhaltsverzeichnis
2022 wurde Ethereum endlich ""grün"". Die zweitpopulärste Kryptowährung des Planeten stellte auf das Proof-of-Stake-Verfahren um, ein energieeffizientes Framework zum Hinzufügen neu… [+5048 chars]",REAL
"NFTBored Ape Yacht Club(BAYC)Yuga LabsTwelveFold288NFT24735BTC(224500)
TwelveFoldhttps://twelvefold.io/
Yuga Twelvefold Bitcoin NFT Auction Raises $16.5 Million - Decrypthttps://decrypt.co/122836/y… [+1497 chars]",REAL
"Inhaltsverzeichnis
Bitcoin ist eine dezentrale und interessante Alternative, um Werte digital zu versenden. Jedoch hat das Netzwerk, wie die meisten anderen Blockchains auch, mit Skalierungsprobleme… [+1331 chars]",REAL
"Inhaltsverzeichnis
2022 wurde Ethereum endlich ""grün"". Die zweitpopulärste Kryptowährung des Planeten stellte auf das Proof-of-Stake-Verfahren um, ein energieeffizientes Framework zum Hinzufügen neu… [+5045 chars]",REAL
"Binance secretly moved large sums of money from its supposedly independent US partner to a company managed by the crypto giant's boss Changpeng Zhao, according to Reuters.
The publication said Thurs… [+1718 chars]",REAL
"Tech guru Elon Musk joked he was talking to Rupert Murdoch about meme-inspired cryptocurrency Dogecoin at Sunday's Super Bowl.  
The two billionaires were watching the Philadelphia Eagles and Kansas… [+1452 chars]",REAL
"US stocks stocks were mixed on Thursday as traders continue to mull the prospect of higher interest rates amid signs the economy remains in high gear. 
All three major indexes were on track for a lo… [+1519 chars]",REAL
"Alexis Ohanian bought 50,000 ether for only $15,000 in 2014 and has made a combined $50 million from early bets on the cryptocurrency and Coinbase stock, he told Forbes in a recent interview.
When h… [+1692 chars]",REAL
"Binance chief Changpeng Zhao has downplayed the link between his exchange and a token carrying its branding that's currently under fire from the Securities and Exchange Commission.
Zhao, who's frequ… [+1740 chars]",REAL
"Check out all the on-demand sessions from the Intelligent Security Summit here.
Data breaches have, unfortunately, become an all-too-common reality. The Varonis 2021 Data Risk Report indicates that … [+1149 chars]",REAL
"Inhaltsverzeichnis
Netzwerke bestehen grundsätzlich aus Geräten, die drahtlos oder kabelgebunden miteinander verbunden sind. Damit die Geräte in Beziehung treten können, brauchen sie eine Basis, auf… [+2898 chars]",REAL
"Besuchen Sie Golem.de wie gewohnt mit Werbung und Tracking,
 indem Sie der Nutzung aller Cookies zustimmen.
 Details zum Tracking finden Sie im Privacy Center.
Skript wurde nicht geladen. Informat… [+607 chars]",REAL
"For my sins, I have been reading Future financial services regulatory regime for cryptoassets, 82 pages of prime Whitehall verbiage that was published recently, setting out HM Treasurys plans to gove… [+5792 chars]",REAL
"Gewinne aus Kauf- und Tauschgeschäften mit Kryptowährungen unterliegen als private Veräußerungsgeschäfte der Einkommenssteuer, hat der Bundesfinanzhof geurteilt (BFH, Az.: IX R 3/22). Steuerfrei sind… [+2276 chars]",REAL
A small Massachusetts town enlisted the help of the Department of Homeland Security to track down the person who illegally installed a cryptocurrency mining operation in a crawl space of a middle sch… [+1648 chars],REAL
"""It's a step forward in humanity,"" one VC said of generative AI. An executive compared it to the Gutenberg press. A CEO called the technology  ""not just hype, but something real."" 
That's how attend… [+5997 chars]",REAL
"Happy Saturday readers. I'm senior reporter Phil Rosen.
As a journalist, I'm always keen on interesting conversations especially when I get the chance to share them in this newsletter. 
Have a sugg… [+5402 chars]",REAL
"Minneapolis neighborhood newspaper the Southwest Journal shuttered at the end of 2020, but its web domain continues to post fresh content under the auspices of a Delaware ""SEO company"" whose leader l… [+2226 chars]",REAL
"US stocks dipped on Friday as investors brace for a more hawkish Federal Reserve after key inflation data for January came in hotter than expected. 
Core Personal Consumption Expenditure data, the c… [+1921 chars]",REAL
"Crypto giant Tether used faked documents and shell companies to set up bank accounts in 2018  and one of those was then accessed by terrorists, according to a report.
The Wall Street Journal said Fr… [+2344 chars]",REAL
"A company owned by the man who claims to have invented Bitcoin is suing the developers of a fork of Bitcoin. Although the case was dismissed once already, it is being reopened, and a UK court will he… [+3507 chars]",REAL
"If you are new to iQ you can schedule a demo and learn more about this opportunity. 
 PSFK iQ - Where Innovators Turn for Research. Our professional-grade research platform is designed specifically … [+223 chars]",REAL
"Jack Dorsey, Twitter's cofounder and former CEO, mocked Elon Musk's company over its major outage on Wednesday.
""Used to be when anything went down, people went to Twitter to talk about it. Now look… [+2022 chars]",REAL
"This story is part of Taxes 2023, CNET's coverage of the best tax software, tax tips and everything else you need to file your return and track your refund. 
Let's just say 2022 wasn't the best year… [+7248 chars]",REAL
"Besuchen Sie Golem.de wie gewohnt mit Werbung und Tracking,
 indem Sie der Nutzung aller Cookies zustimmen.
 Details zum Tracking finden Sie im Privacy Center.
Skript wurde nicht geladen. Informat… [+607 chars]",REAL
The share price of cryptocurrency-focused US bank Silvergate plummeted by nearly 50% in early trading on Thursday after fresh revelations about the extent of its exposure to the collapse of crypto ex… [+3079 chars],REAL
"A couple in Canada were reportedly scammed out of $21,000 after they received a call from someone claiming to be a lawyer who said their son was in jail for killing a diplomat in a car accident.
Ben… [+3094 chars]",REAL
"I want to apologize for yesterdays email.
If youre subscribed to I Will Teach You To Be Rich
, you received this email
 yesterday.
I see a lot of things wrong in that email.
<ul><li>Guaranteed t… [+8788 chars]",REAL
"We've covered the work of Minsk-based industrial designer Andrey Avgust before. Notably, he did a comprehensive redesign of U.S. currency:
See more here
Another concept project he did was a redesig… [+721 chars]",REAL
"The news:Crypto firms are getting squeezed out as US regulators are allegedly putting pressure on US banks to cut ties with digital asset firms, per
 Cointelegraph.
Whats happening?Various US regul… [+3347 chars]",REAL
"Ray Dalio compared markets to poker and portfolios to casinos in a recent episode of the Richer, Wiser, Happier podcast.
The billionaire investor and Bridgewater Associates founder questioned crypto… [+2531 chars]",REAL
"With cryptocurrencies making their way into the mainstream, more investors are using them to diversify their portfolios. Yet the high volatility of cryptocurrencies has made many investors skeptical,… [+7710 chars]",REAL
"Llega el final para Silvergate. El criptobanco ha anunciado su cierre voluntario, tras no poder superar el impacto de la caída de FTX, con la que mantenía profundos lazos. Según deja claro la organiz… [+2414 chars]",REAL
"Einige Webseiten der NATO wurden durch Cyberattacken beeinträchtigt, wie das Verteidigungsbündnis bestätigt. Als Urheber werden pro-russische Hacker vermutet. Unter anderem Druck steht auch die Block… [+5201 chars]",REAL
"Bei dem Github-Projekt Nostr handelt es sich um ein offenes Protokol, mit dem Nutzer signierte Nachrichten senden und empfangen können. Nostr ist ein Akronym für ""Notes and Other Stuff Transmitted by… [+3840 chars]",REAL
"Notorious cryptocurrency anonymization service Blender, which the US Department of the Treasury last year sanctioned for helping to launder hundreds of millions of dollars in digital assets stolen by… [+4292 chars]",REAL
"Bitcoin mining, the computationally intensive process by which bitcoin is created and accounted for, has become a global concern. After China cracked down on bitcoin mining in mid-2021, miners sought… [+3387 chars]",REAL
"With Bitcoin(BTC -0.27%) turning in its best January performance since 2013, it's no surprise that analysts are ratcheting up their price targets for this suddenly hot crypto. Bitcoin was up nearly 4… [+4476 chars]",REAL
"Happy Friday eve, Opening Bell crew. Senior reporter Phil Rosen here. 
As if the universe knew that I hadn't written a crypto newsletter in some time, here we go: Binance, the world's largest crypto… [+5366 chars]",REAL
"Retail investors are partying like it's 2021. 
The everyday traders that powered the meme-stock frenzy of two years ago are back, rebuffing Fed Chair Jerome Powell's hawkishness and helping push equ… [+4991 chars]",REAL
"TGIF. Phil Rosen here, reporting from New York City. 
I'm happy to see that, finally, the rest of the world seems to be catching on to the magic that is Magic: The Gathering. 
Haven't heard of it? … [+4798 chars]",REAL
"Good morning, Opening Bell readers. Phil Rosen here. 
It's not because I'm vegan, but I haven't bought eggs in months now. Thanks to inflation, a dozen eggs now costs more than a pound of beef. 
Pr… [+5207 chars]",REAL
"Last year, Ethereum went green. The second-most popular crypto platform transitioned to proof of stake, an energy-efficient framework for adding new blocks of transactions, NFTs, and other informatio… [+1044 chars]",REAL
"Kevin Tynan, Senior Autos Analyst with Bloomberg Intelligence, joins the program to discuss recent Tesla news and AutoNation earnings. Omar Aguilar, CEO and CIO at Schwab Asset Management, joins the … [+579 chars]",REAL
"Das amerikanische Fintech-Unternehmen Robinhood veröffentlicht eine Krypto-Wallet für iOS-Geräte, welche die privaten Schlüssel lokal speichern soll. Die Robinhood Wallet ist erst einmal nur für iOS … [+1745 chars]",REAL
"Argo BlockchainStronghold Digital Mining
Sabre56CEO1020
21Hut 8CEO
Hut 8US Bitcoin
Hut 81US Bitcoin
US Bitcoin
Bitfarms2116,5002221618
Bitfarms226232BlockFi2,10028775104,000Bitfarms",REAL
"Bracing for a crypto comeback? Consider buying the granddaddy of cryptocurrencies, Bitcoin (BTC -0.48%), if you're bullish on blockchain-based tokens generally. After all, crypto is already volatile … [+4155 chars]",REAL
"Monero (XMR) is a privacy-centric digital currency. Since its creation in 2014, Monero's adoption and popularity have grown due to its enhanced privacy features.
Monero wallets are designed for user… [+6281 chars]",REAL
"Listen to Bloomberg Crypto on the iHeartRadio App, Apple Podcasts or  Spotify.
If youve heard the name Winklevoss, its likely that youve watched The Social Network. The movie featured a memorable de… [+134 chars]",REAL
"Bloomberg Crypto Podcast Browse all episodesThe story of crypto lender Celsius Networks bankruptcy officially began last summer, when it filed for Chapter 11 and cited a severe liquidity crisis. At t… [+937 chars]",REAL
"Each weekday, stacy-marie ishmael dives into everything from Bitcoin to Bored Apes, NFTs to DeFi, Staking to Web3. Bloomberg Crypto, from Bloomberg and iHeart Radio, goes deeper than the daily market… [+64 chars]",REAL
"Source: Bloomberg, 19:50
Crypto is an asset class that runs 24/7. Its hard to keep up. So were back with a show that reviews the biggest stories of the week. Heres one: the United Kingdom is amping … [+823 chars]",REAL
Bloomberg Crypto Podcast Browse all episodesWant to hear a big number? How about $3.8 billion. Thats the amount of crypto that hackers managed to steal last year. Thats a new record. The company behi… [+771 chars],REAL
"Each weekday, stacy-marie ishmael dives into everything from Bitcoin to Bored Apes, NFTs to DeFi, Staking to Web3. Bloomberg Crypto, from Bloomberg and iHeart Radio, goes deeper than the daily market… [+64 chars]",REAL
"Life isnt just about target date funds and index funds. Lots of people understand that, logically, they should create a well-diversified portfolio of low-cost funds. But they also want to have fun in… [+8898 chars]",REAL
"La Agencia Tributaria de España ha disparado contra las criptomonedas. A través del anuncio del nuevo Plan Anual de Control Tributario, Hacienda ha confirmado que una de las novedades que pretende re… [+3343 chars]",REAL
"Cryptocurrency is an undeniably controversial kind of asset. While some love the crypto space and have invested thousands in the industry, others steer clear of crypto altogether, believing it to be … [+9071 chars]",REAL
"For the first two months of 2023, Bitcoin(BTC -4.50%) has been on a remarkable run. It's now up 41.45% for the year, and trades at just over $23,479. But there are signs that Bitcoin is running out o… [+4164 chars]",REAL
"To be fair, the Bitcoin blockchain has always contained random, non-financial data one might argue ... [+] that the secret message in the genesis block is the first example. The last two major upgrad… [+5974 chars]",REAL
IND vs AUS Live Score Updates 4th Test Day 2: Usman Khawaja continues to pile on runs as Australia go past 400 - The Indian Express,REAL
"Google announces to start its Chrome 111 update, will end Cleanup Tool - Business Standard",REAL
"""Australian PM Assured Me That Indian Community's Safety A Priority"": PM Modi - NDTV",REAL
"India's First H3N2 Influenza Deaths, 1 Each In Haryana, Karnataka - NDTV",REAL
"Discord to roll out AI-powered chatbot, messaging features - The Indian Express",REAL
‘Suicide Squad: Kill The Justice League’ delayed again: Report - Times of India,REAL
Minecraft takes learning to new heights with NASA's Artemis Moon Mission | Mint - Mint,REAL
"NYT publishes op-ed claiming ‘Modi’s assault on press freedom’ by Anuradha Bhasin, who wanted to keep govt house allotted to her father even after his death - OpIndia",REAL
Land-for-jobs scam case: ED conducts raids at Tejashwi Yadav's Delhi residence - Times of India,REAL
Senior Actor Naresh Weds Pavitra Lokesh - Greatandhra,REAL
"'Bheed' trailer: Starring Rajkummar Rao, Bhumi Pednekar, the film takes us through the lockdown phase dur - Indiatimes.com",REAL
Manish Sisodia produced before Delhi court; ED seeks 10-day custody - Hindustan Times,REAL
Boeing partners GMR to start freighter conversion line in Hyderabad - The Economic Times,REAL
Categorising Terrorists Based On Their Motivation Is Dangerous: India At UN - NDTV,REAL
"K Kavitha's hunger strike for Women's Reservation Bill at Jantar Mantar today, Oppn unity on show - India Today",REAL
Tu Jhoothi Main Makkaar Box Office Day 2: Ranbir Kapoor & Shraddha Kapoor Starrer Maintains Double-Digit Hold! - Koimoi,REAL
"Collision course! 92-foot Asteroid 2020 FV4 dashing towards Earth, set to get very close - HT Tech",REAL
"Diet Pills Market Statistical Forecast, Trade Analysis 2030 - openPR",REAL
"After asking for link to join virtually, Pakistan delegation skips SCO meeting of Chief Justices hosted by India - The Indian Express",REAL
"Pat Cummins' Mother Maria Dies, Australian Players Sport Black Armbands On Day 2 - NDTV Sports",REAL
,REAL
"Business News: Get latest stock share market news, financial news, budget 2023 news, economy news, company news, politics news, India news, breaking news at Business Standard. Catch Nifty Sensex Live updates.",REAL
Nearly four temples in Australia have been vandalised in the last two months.,REAL
"Two persons have died of influenza caused by the H3N2 virus, Union Health Ministry sources said today.",REAL
"Discord, which lets groups of users chat by text, video and voice, said it will revamp a bot called Clyde.",REAL
"Suicide Squad: Kill The Justice League was originally scheduled to launch on May 26, but has been delayed once again. The game is now expected to arri",REAL
"NASA stated that in these newly developed Minecraft worlds, gamers can replicate the actions of the real NASA Artemis team who are working to bring humans back to the Moon. This includes building and launching a rocket, as well as maneuvering their Orion spac…",REAL
"In the article titled 'Modi's final assault on India's Press Freedom has begun' on Kashmir Times, Anuradha Bhasin launched an attack on the Modi govt",REAL
"India News: The Enforcement Directorate (ED) is conducting raids at Bihar deputy chief minister Tejashwi Yadav's residence in Delhi, in connection with alleged la",REAL
"Recently, the lives of actors Naresh and Pavitra Lokesh have been surrounded by a great deal of drama.",REAL
"The trailer of Anubhav Sinha's 'Bheed' has been unveiled and it takes us through the atrocities that people, especi",REAL
Manish Sisodia is already in Tihar jail after he was sent to 14-day judicial custody by a CBI court on March 6. | Latest News Delhi,REAL
Boeing and GMR will start freighter conversion line in Hyderabad. Freight operations in India will support domestic and global demand. GMR Aero Technic is the first Boeing supplier in India that will have the capability to support future conversions of both d…,REAL
"NDTV.com: India, Business, Bollywood, Cricket, Video and Breaking News",REAL
"The Women's Reservation Bill, which seeks to reserve 33 per cent of seats in Lok Sabha and all state legislative assemblies for women, was introduced in the Rajya Sabha in May 2008 and was referred to a standing committee. K Kavitha will hold a hunger strike …",REAL
"After a good start at the box office on Wednesday, Tu Jhoothi Main Makkaar continues to maintain a double-digit hold on the second day. Read!",REAL
An aircraft-sized asteroid is hreatening Earth and is set to make a very close approach to Earth in the coming days.,REAL
Newark New Castle USA Growth Plus Reports has published a new report on Diet Pills which includes a detailed analysis based on competitors and important market segments 2022 2030 The Global Diet Pills provides a thorough analysis of many segments ...,REAL
"Supreme Court sources said they had received a request on Friday morning from the Pakistani side, seeking a virtual link to the event, which will be held in Delhi from March 10-12.",REAL
"Maria Cummins, mother of Australia Test captain Pat Cummins, has diedafter battling a prolonged illness",REAL
,REAL
"<table><tr><td>
Upgrade To Premium Services
</td></tr><tr><td></td></tr></table> Business Standard is happy to inform you of the launch of ""Business Standard Premium Services""
As a premium subscri… [+567 chars]",REAL
"New Delhi: Prime Minister Narendra Modi today said that the Australian PM has assured of Indian community's safety after incidents of vandalism of temples.
""I have seen reports of attacks on temples… [+899 chars]",REAL
"There are around 90 cases of the H3N2 virus in the country.
New Delhi: Two persons have died of influenza caused by the H3N2 virus, the government said today. One person has died in Haryana and the … [+1912 chars]",REAL
"Chat app Discord said on Thursday it will introduce new artificial intelligence features that can summarise long conversations or add decorations to a user’s avatar, the latest move among tech compan… [+1686 chars]",REAL
"Epic Games' Fortnite may soon arrive for this online game libraryAs cloud gaming platform Amazon Luna has been losing games lately, it now appears to be adding one of the world's most popular games, … [+33 chars]",REAL
"The US space agency, NASA, has announced that children using Microsoft's game-based learning platform, Minecraft, can now simulate building and launching a rocket to the Moon, similar to the real-lif… [+2216 chars]",REAL
"On March 8, Anuradha Bhasin, the Executive Editor of The Kashmir Times, wrote an op-ed in the New York Times criticizing PM Modi’s stance against the Indian media and its freedom of expression. Donni… [+5141 chars]",REAL
,REAL
"Recently, the lives of actors Naresh and Pavitra Lokesh have been surrounded by a great deal of drama.
Naresh has been open about his relationship with Pavitra and has expressed that she has been a … [+435 chars]",REAL
,REAL
The Delhi's Rouse Avenue Court directed the Enforcement Directorate (ED) to produce arrested deputy chief minister Manish Sisodia before it on Friday in the Delhi excise policy case. The court's dire… [+2155 chars],REAL
"U.S. planemaker Boeing has partnered with India's GMR Aero Technic for setting up a facility in the Asian nation that will convert passenger aircraft into freight planes, to tap surging global demand… [+1555 chars]",REAL
,REAL
By India Today News Desk: Bharat Rashtra Samithi (BRS) leader K Kavitha is sitting on a day-long hunger strike at Jantar Mantar in Delhi on Friday to press the central government to pass the Women's … [+3709 chars],REAL
"Box Office – Tu Jhoothi Main Makkaar maintains double digit hold on Thursday ( Photo Credit Instagram )
After taking a good start of 15.73 crores at the box office on Wednesday, Tu Jhoothi Main Makk… [+1712 chars]",REAL
"Asteroids are in abundance not just in our solar system, but throughout the Universe. These ancient space rocks, left over from the early formation of our solar system, vary in size from just millime… [+1783 chars]",REAL
"Newark, New Castle, USA - Growth Plus Reports has published a new report on Diet Pills, which includes a detailed analysis based on competitors and important market segments (2022-2030). The Global D… [+4771 chars]",REAL
"The Pakistan delegation, including the Chief Justice of the countrys Supreme Court, skipped the 18th meeting of the Chief Justices of the Supreme Courts of the Shanghai Cooperation Organisation (SCO)… [+1948 chars]",REAL
"Maria Cummins, mother of Australia Test captain Pat Cummins, has died after battling a prolonged illness. Cricket Australia (CA) confirmed the news through a tweet on Friday morning, ahead of the sta… [+1724 chars]",REAL
